{
  "annee": 2026,
  "nombre_jours": 365,
  "donnees": [
    {
      "date": "2026-01-01",
      "coef_1": 69,
      "coef_2": 74
    },
    {
      "date": "2026-01-02",
      "coef_1": 79,
      "coef_2": 84
    },
    {
      "date": "2026-01-03",
      "coef_1": 88,
      "coef_2": 91
    },
    {
      "date": "2026-01-04",
      "coef_1": 94,
      "coef_2": 95
    },
    {
      "date": "2026-01-05",
      "coef_1": 96,
      "coef_2": 95
    },
    {
      "date": "2026-01-06",
      "coef_1": 93,
      "coef_2": 91
    },
    {
      "date": "2026-01-07",
      "coef_1": 87,
      "coef_2": 82
    },
    {
      "date": "2026-01-08",
      "coef_1": 77,
      "coef_2": 72
    },
    {
      "date": "2026-01-09",
      "coef_1": 66,
      "coef_2": 60
    },
    {
      "date": "2026-01-10",
      "coef_1": 54,
      "coef_2": null
    },
    {
      "date": "2026-01-11",
      "coef_1": 49,
      "coef_2": 44
    },
    {
      "date": "2026-01-12",
      "coef_1": 39,
      "coef_2": 36
    },
    {
      "date": "2026-01-13",
      "coef_1": 35,
      "coef_2": 35
    },
    {
      "date": "2026-01-14",
      "coef_1": 36,
      "coef_2": 39
    },
    {
      "date": "2026-01-15",
      "coef_1": 43,
      "coef_2": 47
    },
    {
      "date": "2026-01-16",
      "coef_1": 52,
      "coef_2": 56
    },
    {
      "date": "2026-01-17",
      "coef_1": 61,
      "coef_2": 65
    },
    {
      "date": "2026-01-18",
      "coef_1": 69,
      "coef_2": 73
    },
    {
      "date": "2026-01-19",
      "coef_1": 76,
      "coef_2": 79
    },
    {
      "date": "2026-01-20",
      "coef_1": 81,
      "coef_2": 83
    },
    {
      "date": "2026-01-21",
      "coef_1": 84,
      "coef_2": 85
    },
    {
      "date": "2026-01-22",
      "coef_1": 85,
      "coef_2": 84
    },
    {
      "date": "2026-01-23",
      "coef_1": 82,
      "coef_2": 80
    },
    {
      "date": "2026-01-24",
      "coef_1": 76,
      "coef_2": 73
    },
    {
      "date": "2026-01-25",
      "coef_1": 68,
      "coef_2": 64
    },
    {
      "date": "2026-01-26",
      "coef_1": 59,
      "coef_2": null
    },
    {
      "date": "2026-01-27",
      "coef_1": 54,
      "coef_2": 50
    },
    {
      "date": "2026-01-28",
      "coef_1": 47,
      "coef_2": 47
    },
    {
      "date": "2026-01-29",
      "coef_1": 49,
      "coef_2": 52
    },
    {
      "date": "2026-01-30",
      "coef_1": 58,
      "coef_2": 65
    },
    {
      "date": "2026-01-31",
      "coef_1": 72,
      "coef_2": 78
    },
    {
      "date": "2026-02-01",
      "coef_1": 84,
      "coef_2": 89
    },
    {
      "date": "2026-02-02",
      "coef_1": 94,
      "coef_2": 97
    },
    {
      "date": "2026-02-03",
      "coef_1": 99,
      "coef_2": 99
    },
    {
      "date": "2026-02-04",
      "coef_1": 99,
      "coef_2": 97
    },
    {
      "date": "2026-02-05",
      "coef_1": 94,
      "coef_2": 90
    },
    {
      "date": "2026-02-06",
      "coef_1": 84,
      "coef_2": 79
    },
    {
      "date": "2026-02-07",
      "coef_1": 73,
      "coef_2": 66
    },
    {
      "date": "2026-02-08",
      "coef_1": 59,
      "coef_2": 52
    },
    {
      "date": "2026-02-09",
      "coef_1": 46,
      "coef_2": 39
    },
    {
      "date": "2026-02-10",
      "coef_1": 33,
      "coef_2": null
    },
    {
      "date": "2026-02-11",
      "coef_1": 28,
      "coef_2": 25
    },
    {
      "date": "2026-02-12",
      "coef_1": 25,
      "coef_2": 28
    },
    {
      "date": "2026-02-13",
      "coef_1": 33,
      "coef_2": 39
    },
    {
      "date": "2026-02-14",
      "coef_1": 45,
      "coef_2": 52
    },
    {
      "date": "2026-02-15",
      "coef_1": 59,
      "coef_2": 65
    },
    {
      "date": "2026-02-16",
      "coef_1": 71,
      "coef_2": 77
    },
    {
      "date": "2026-02-17",
      "coef_1": 82,
      "coef_2": 87
    },
    {
      "date": "2026-02-18",
      "coef_1": 91,
      "coef_2": 94
    },
    {
      "date": "2026-02-19",
      "coef_1": 96,
      "coef_2": 97
    },
    {
      "date": "2026-02-20",
      "coef_1": 97,
      "coef_2": 96
    },
    {
      "date": "2026-02-21",
      "coef_1": 94,
      "coef_2": 91
    },
    {
      "date": "2026-02-22",
      "coef_1": 86,
      "coef_2": 81
    },
    {
      "date": "2026-02-23",
      "coef_1": 74,
      "coef_2": 67
    },
    {
      "date": "2026-02-24",
      "coef_1": 60,
      "coef_2": null
    },
    {
      "date": "2026-02-25",
      "coef_1": 52,
      "coef_2": 46
    },
    {
      "date": "2026-02-26",
      "coef_1": 41,
      "coef_2": 39
    },
    {
      "date": "2026-02-27",
      "coef_1": 42,
      "coef_2": 47
    },
    {
      "date": "2026-02-28",
      "coef_1": 55,
      "coef_2": 62
    },
    {
      "date": "2026-03-01",
      "coef_1": 70,
      "coef_2": 78
    },
    {
      "date": "2026-03-02",
      "coef_1": 84,
      "coef_2": 90
    },
    {
      "date": "2026-03-03",
      "coef_1": 94,
      "coef_2": 97
    },
    {
      "date": "2026-03-04",
      "coef_1": 99,
      "coef_2": 99
    },
    {
      "date": "2026-03-05",
      "coef_1": 99,
      "coef_2": 97
    },
    {
      "date": "2026-03-06",
      "coef_1": 94,
      "coef_2": 91
    },
    {
      "date": "2026-03-07",
      "coef_1": 86,
      "coef_2": 81
    },
    {
      "date": "2026-03-08",
      "coef_1": 75,
      "coef_2": 69
    },
    {
      "date": "2026-03-09",
      "coef_1": 62,
      "coef_2": 55
    },
    {
      "date": "2026-03-10",
      "coef_1": 48,
      "coef_2": 41
    },
    {
      "date": "2026-03-11",
      "coef_1": 34,
      "coef_2": 28
    },
    {
      "date": "2026-03-12",
      "coef_1": 23,
      "coef_2": null
    },
    {
      "date": "2026-03-13",
      "coef_1": 21,
      "coef_2": 23
    },
    {
      "date": "2026-03-14",
      "coef_1": 28,
      "coef_2": 35
    },
    {
      "date": "2026-03-15",
      "coef_1": 42,
      "coef_2": 50
    },
    {
      "date": "2026-03-16",
      "coef_1": 58,
      "coef_2": 66
    },
    {
      "date": "2026-03-17",
      "coef_1": 73,
      "coef_2": 80
    },
    {
      "date": "2026-03-18",
      "coef_1": 87,
      "coef_2": 92
    },
    {
      "date": "2026-03-19",
      "coef_1": 97,
      "coef_2": 101
    },
    {
      "date": "2026-03-20",
      "coef_1": 103,
      "coef_2": 104
    },
    {
      "date": "2026-03-21",
      "coef_1": 104,
      "coef_2": 103
    },
    {
      "date": "2026-03-22",
      "coef_1": 100,
      "coef_2": 95
    },
    {
      "date": "2026-03-23",
      "coef_1": 89,
      "coef_2": 82
    },
    {
      "date": "2026-03-24",
      "coef_1": 74,
      "coef_2": 66
    },
    {
      "date": "2026-03-25",
      "coef_1": 57,
      "coef_2": 49
    },
    {
      "date": "2026-03-26",
      "coef_1": 43,
      "coef_2": null
    },
    {
      "date": "2026-03-27",
      "coef_1": 39,
      "coef_2": 39
    },
    {
      "date": "2026-03-28",
      "coef_1": 43,
      "coef_2": 49
    },
    {
      "date": "2026-03-29",
      "coef_1": 56,
      "coef_2": 63
    },
    {
      "date": "2026-03-30",
      "coef_1": 70,
      "coef_2": 77
    },
    {
      "date": "2026-03-31",
      "coef_1": 82,
      "coef_2": 86
    },
    {
      "date": "2026-04-01",
      "coef_1": 89,
      "coef_2": 92
    },
    {
      "date": "2026-04-02",
      "coef_1": 93,
      "coef_2": 93
    },
    {
      "date": "2026-04-03",
      "coef_1": 93,
      "coef_2": 91
    },
    {
      "date": "2026-04-04",
      "coef_1": 89,
      "coef_2": 86
    },
    {
      "date": "2026-04-05",
      "coef_1": 82,
      "coef_2": 78
    },
    {
      "date": "2026-04-06",
      "coef_1": 73,
      "coef_2": 68
    },
    {
      "date": "2026-04-07",
      "coef_1": 62,
      "coef_2": 56
    },
    {
      "date": "2026-04-08",
      "coef_1": 50,
      "coef_2": 43
    },
    {
      "date": "2026-04-09",
      "coef_1": 37,
      "coef_2": null
    },
    {
      "date": "2026-04-10",
      "coef_1": 32,
      "coef_2": 27
    },
    {
      "date": "2026-04-11",
      "coef_1": 25,
      "coef_2": 26
    },
    {
      "date": "2026-04-12",
      "coef_1": 29,
      "coef_2": 35
    },
    {
      "date": "2026-04-13",
      "coef_1": 42,
      "coef_2": 50
    },
    {
      "date": "2026-04-14",
      "coef_1": 58,
      "coef_2": 66
    },
    {
      "date": "2026-04-15",
      "coef_1": 73,
      "coef_2": 81
    },
    {
      "date": "2026-04-16",
      "coef_1": 87,
      "coef_2": 93
    },
    {
      "date": "2026-04-17",
      "coef_1": 97,
      "coef_2": 101
    },
    {
      "date": "2026-04-18",
      "coef_1": 104,
      "coef_2": 105
    },
    {
      "date": "2026-04-19",
      "coef_1": 104,
      "coef_2": 102
    },
    {
      "date": "2026-04-20",
      "coef_1": 99,
      "coef_2": 94
    },
    {
      "date": "2026-04-21",
      "coef_1": 88,
      "coef_2": 81
    },
    {
      "date": "2026-04-22",
      "coef_1": 73,
      "coef_2": 65
    },
    {
      "date": "2026-04-23",
      "coef_1": 58,
      "coef_2": null
    },
    {
      "date": "2026-04-24",
      "coef_1": 51,
      "coef_2": 46
    },
    {
      "date": "2026-04-25",
      "coef_1": 44,
      "coef_2": 44
    },
    {
      "date": "2026-04-26",
      "coef_1": 47,
      "coef_2": 51
    },
    {
      "date": "2026-04-27",
      "coef_1": 56,
      "coef_2": 61
    },
    {
      "date": "2026-04-28",
      "coef_1": 66,
      "coef_2": 71
    },
    {
      "date": "2026-04-29",
      "coef_1": 74,
      "coef_2": 77
    },
    {
      "date": "2026-04-30",
      "coef_1": 80,
      "coef_2": 81
    },
    {
      "date": "2026-05-01",
      "coef_1": 82,
      "coef_2": 82
    },
    {
      "date": "2026-05-02",
      "coef_1": 82,
      "coef_2": 82
    },
    {
      "date": "2026-05-03",
      "coef_1": 80,
      "coef_2": 78
    },
    {
      "date": "2026-05-04",
      "coef_1": 76,
      "coef_2": 73
    },
    {
      "date": "2026-05-05",
      "coef_1": 69,
      "coef_2": 66
    },
    {
      "date": "2026-05-06",
      "coef_1": 62,
      "coef_2": 57
    },
    {
      "date": "2026-05-07",
      "coef_1": 53,
      "coef_2": 48
    },
    {
      "date": "2026-05-08",
      "coef_1": 44,
      "coef_2": null
    },
    {
      "date": "2026-05-09",
      "coef_1": 40,
      "coef_2": 37
    },
    {
      "date": "2026-05-10",
      "coef_1": 35,
      "coef_2": 35
    },
    {
      "date": "2026-05-11",
      "coef_1": 36,
      "coef_2": 40
    },
    {
      "date": "2026-05-12",
      "coef_1": 45,
      "coef_2": 51
    },
    {
      "date": "2026-05-13",
      "coef_1": 57,
      "coef_2": 64
    },
    {
      "date": "2026-05-14",
      "coef_1": 70,
      "coef_2": 77
    },
    {
      "date": "2026-05-15",
      "coef_1": 83,
      "coef_2": 88
    },
    {
      "date": "2026-05-16",
      "coef_1": 92,
      "coef_2": 96
    },
    {
      "date": "2026-05-17",
      "coef_1": 98,
      "coef_2": 99
    },
    {
      "date": "2026-05-18",
      "coef_1": 99,
      "coef_2": 97
    },
    {
      "date": "2026-05-19",
      "coef_1": 95,
      "coef_2": 91
    },
    {
      "date": "2026-05-20",
      "coef_1": 87,
      "coef_2": 81
    },
    {
      "date": "2026-05-21",
      "coef_1": 76,
      "coef_2": 70
    },
    {
      "date": "2026-05-22",
      "coef_1": 64,
      "coef_2": null
    },
    {
      "date": "2026-05-23",
      "coef_1": 59,
      "coef_2": 55
    },
    {
      "date": "2026-05-24",
      "coef_1": 52,
      "coef_2": 51
    },
    {
      "date": "2026-05-25",
      "coef_1": 50,
      "coef_2": 51
    },
    {
      "date": "2026-05-26",
      "coef_1": 53,
      "coef_2": 55
    },
    {
      "date": "2026-05-27",
      "coef_1": 57,
      "coef_2": 60
    },
    {
      "date": "2026-05-28",
      "coef_1": 62,
      "coef_2": 65
    },
    {
      "date": "2026-05-29",
      "coef_1": 67,
      "coef_2": 68
    },
    {
      "date": "2026-05-30",
      "coef_1": 70,
      "coef_2": 70
    },
    {
      "date": "2026-05-31",
      "coef_1": 71,
      "coef_2": 71
    },
    {
      "date": "2026-06-01",
      "coef_1": 71,
      "coef_2": 71
    },
    {
      "date": "2026-06-02",
      "coef_1": 70,
      "coef_2": 69
    },
    {
      "date": "2026-06-03",
      "coef_1": 68,
      "coef_2": 66
    },
    {
      "date": "2026-06-04",
      "coef_1": 64,
      "coef_2": 62
    },
    {
      "date": "2026-06-05",
      "coef_1": 59,
      "coef_2": 57
    },
    {
      "date": "2026-06-06",
      "coef_1": 54,
      "coef_2": 52
    },
    {
      "date": "2026-06-07",
      "coef_1": 50,
      "coef_2": null
    },
    {
      "date": "2026-06-08",
      "coef_1": 48,
      "coef_2": 47
    },
    {
      "date": "2026-06-09",
      "coef_1": 47,
      "coef_2": 47
    },
    {
      "date": "2026-06-10",
      "coef_1": 49,
      "coef_2": 52
    },
    {
      "date": "2026-06-11",
      "coef_1": 55,
      "coef_2": 60
    },
    {
      "date": "2026-06-12",
      "coef_1": 64,
      "coef_2": 69
    },
    {
      "date": "2026-06-13",
      "coef_1": 74,
      "coef_2": 79
    },
    {
      "date": "2026-06-14",
      "coef_1": 83,
      "coef_2": 87
    },
    {
      "date": "2026-06-15",
      "coef_1": 90,
      "coef_2": 93
    },
    {
      "date": "2026-06-16",
      "coef_1": 94,
      "coef_2": 95
    },
    {
      "date": "2026-06-17",
      "coef_1": 94,
      "coef_2": 93
    },
    {
      "date": "2026-06-18",
      "coef_1": 90,
      "coef_2": 87
    },
    {
      "date": "2026-06-19",
      "coef_1": 83,
      "coef_2": 79
    },
    {
      "date": "2026-06-20",
      "coef_1": 74,
      "coef_2": null
    },
    {
      "date": "2026-06-21",
      "coef_1": 69,
      "coef_2": 64
    },
    {
      "date": "2026-06-22",
      "coef_1": 59,
      "coef_2": 55
    },
    {
      "date": "2026-06-23",
      "coef_1": 51,
      "coef_2": 48
    },
    {
      "date": "2026-06-24",
      "coef_1": 47,
      "coef_2": 46
    },
    {
      "date": "2026-06-25",
      "coef_1": 46,
      "coef_2": 47
    },
    {
      "date": "2026-06-26",
      "coef_1": 49,
      "coef_2": 51
    },
    {
      "date": "2026-06-27",
      "coef_1": 54,
      "coef_2": 56
    },
    {
      "date": "2026-06-28",
      "coef_1": 59,
      "coef_2": 61
    },
    {
      "date": "2026-06-29",
      "coef_1": 63,
      "coef_2": 65
    },
    {
      "date": "2026-06-30",
      "coef_1": 67,
      "coef_2": 69
    },
    {
      "date": "2026-07-01",
      "coef_1": 70,
      "coef_2": 71
    },
    {
      "date": "2026-07-02",
      "coef_1": 71,
      "coef_2": 72
    },
    {
      "date": "2026-07-03",
      "coef_1": 72,
      "coef_2": 71
    },
    {
      "date": "2026-07-04",
      "coef_1": 70,
      "coef_2": 69
    },
    {
      "date": "2026-07-05",
      "coef_1": 68,
      "coef_2": 66
    },
    {
      "date": "2026-07-06",
      "coef_1": 64,
      "coef_2": null
    },
    {
      "date": "2026-07-07",
      "coef_1": 61,
      "coef_2": 59
    },
    {
      "date": "2026-07-08",
      "coef_1": 56,
      "coef_2": 54
    },
    {
      "date": "2026-07-09",
      "coef_1": 52,
      "coef_2": 52
    },
    {
      "date": "2026-07-10",
      "coef_1": 52,
      "coef_2": 53
    },
    {
      "date": "2026-07-11",
      "coef_1": 56,
      "coef_2": 60
    },
    {
      "date": "2026-07-12",
      "coef_1": 65,
      "coef_2": 70
    },
    {
      "date": "2026-07-13",
      "coef_1": 76,
      "coef_2": 81
    },
    {
      "date": "2026-07-14",
      "coef_1": 86,
      "coef_2": 90
    },
    {
      "date": "2026-07-15",
      "coef_1": 94,
      "coef_2": 96
    },
    {
      "date": "2026-07-16",
      "coef_1": 98,
      "coef_2": 98
    },
    {
      "date": "2026-07-17",
      "coef_1": 97,
      "coef_2": 94
    },
    {
      "date": "2026-07-18",
      "coef_1": 91,
      "coef_2": 86
    },
    {
      "date": "2026-07-19",
      "coef_1": 81,
      "coef_2": 75
    },
    {
      "date": "2026-07-20",
      "coef_1": 69,
      "coef_2": null
    },
    {
      "date": "2026-07-21",
      "coef_1": 63,
      "coef_2": 57
    },
    {
      "date": "2026-07-22",
      "coef_1": 50,
      "coef_2": 45
    },
    {
      "date": "2026-07-23",
      "coef_1": 40,
      "coef_2": 37
    },
    {
      "date": "2026-07-24",
      "coef_1": 35,
      "coef_2": 35
    },
    {
      "date": "2026-07-25",
      "coef_1": 37,
      "coef_2": 40
    },
    {
      "date": "2026-07-26",
      "coef_1": 44,
      "coef_2": 48
    },
    {
      "date": "2026-07-27",
      "coef_1": 53,
      "coef_2": 57
    },
    {
      "date": "2026-07-28",
      "coef_1": 61,
      "coef_2": 65
    },
    {
      "date": "2026-07-29",
      "coef_1": 69,
      "coef_2": 72
    },
    {
      "date": "2026-07-30",
      "coef_1": 75,
      "coef_2": 78
    },
    {
      "date": "2026-07-31",
      "coef_1": 80,
      "coef_2": 82
    },
    {
      "date": "2026-08-01",
      "coef_1": 83,
      "coef_2": 83
    },
    {
      "date": "2026-08-02",
      "coef_1": 83,
      "coef_2": 82
    },
    {
      "date": "2026-08-03",
      "coef_1": 80,
      "coef_2": 77
    },
    {
      "date": "2026-08-04",
      "coef_1": 74,
      "coef_2": 70
    },
    {
      "date": "2026-08-05",
      "coef_1": 66,
      "coef_2": null
    },
    {
      "date": "2026-08-06",
      "coef_1": 61,
      "coef_2": 57
    },
    {
      "date": "2026-08-07",
      "coef_1": 52,
      "coef_2": 48
    },
    {
      "date": "2026-08-08",
      "coef_1": 46,
      "coef_2": 46
    },
    {
      "date": "2026-08-09",
      "coef_1": 48,
      "coef_2": 53
    },
    {
      "date": "2026-08-10",
      "coef_1": 59,
      "coef_2": 66
    },
    {
      "date": "2026-08-11",
      "coef_1": 74,
      "coef_2": 81
    },
    {
      "date": "2026-08-12",
      "coef_1": 87,
      "coef_2": 93
    },
    {
      "date": "2026-08-13",
      "coef_1": 97,
      "coef_2": 100
    },
    {
      "date": "2026-08-14",
      "coef_1": 102,
      "coef_2": 102
    },
    {
      "date": "2026-08-15",
      "coef_1": 101,
      "coef_2": 98
    },
    {
      "date": "2026-08-16",
      "coef_1": 95,
      "coef_2": 90
    },
    {
      "date": "2026-08-17",
      "coef_1": 84,
      "coef_2": 78
    },
    {
      "date": "2026-08-18",
      "coef_1": 71,
      "coef_2": 64
    },
    {
      "date": "2026-08-19",
      "coef_1": 57,
      "coef_2": null
    },
    {
      "date": "2026-08-20",
      "coef_1": 49,
      "coef_2": 42
    },
    {
      "date": "2026-08-21",
      "coef_1": 36,
      "coef_2": 30
    },
    {
      "date": "2026-08-22",
      "coef_1": 27,
      "coef_2": 26
    },
    {
      "date": "2026-08-23",
      "coef_1": 28,
      "coef_2": 32
    },
    {
      "date": "2026-08-24",
      "coef_1": 38,
      "coef_2": 44
    },
    {
      "date": "2026-08-25",
      "coef_1": 51,
      "coef_2": 57
    },
    {
      "date": "2026-08-26",
      "coef_1": 63,
      "coef_2": 68
    },
    {
      "date": "2026-08-27",
      "coef_1": 74,
      "coef_2": 78
    },
    {
      "date": "2026-08-28",
      "coef_1": 83,
      "coef_2": 86
    },
    {
      "date": "2026-08-29",
      "coef_1": 89,
      "coef_2": 91
    },
    {
      "date": "2026-08-30",
      "coef_1": 93,
      "coef_2": 93
    },
    {
      "date": "2026-08-31",
      "coef_1": 93,
      "coef_2": 91
    },
    {
      "date": "2026-09-01",
      "coef_1": 89,
      "coef_2": 85
    },
    {
      "date": "2026-09-02",
      "coef_1": 81,
      "coef_2": 75
    },
    {
      "date": "2026-09-03",
      "coef_1": 69,
      "coef_2": null
    },
    {
      "date": "2026-09-04",
      "coef_1": 62,
      "coef_2": 55
    },
    {
      "date": "2026-09-05",
      "coef_1": 48,
      "coef_2": 43
    },
    {
      "date": "2026-09-06",
      "coef_1": 40,
      "coef_2": 41
    },
    {
      "date": "2026-09-07",
      "coef_1": 45,
      "coef_2": 52
    },
    {
      "date": "2026-09-08",
      "coef_1": 60,
      "coef_2": 68
    },
    {
      "date": "2026-09-09",
      "coef_1": 76,
      "coef_2": 83
    },
    {
      "date": "2026-09-10",
      "coef_1": 90,
      "coef_2": 95
    },
    {
      "date": "2026-09-11",
      "coef_1": 98,
      "coef_2": 101
    },
    {
      "date": "2026-09-12",
      "coef_1": 102,
      "coef_2": 101
    },
    {
      "date": "2026-09-13",
      "coef_1": 100,
      "coef_2": 97
    },
    {
      "date": "2026-09-14",
      "coef_1": 93,
      "coef_2": 89
    },
    {
      "date": "2026-09-15",
      "coef_1": 83,
      "coef_2": 77
    },
    {
      "date": "2026-09-16",
      "coef_1": 70,
      "coef_2": 63
    },
    {
      "date": "2026-09-17",
      "coef_1": 56,
      "coef_2": 49
    },
    {
      "date": "2026-09-18",
      "coef_1": 41,
      "coef_2": null
    },
    {
      "date": "2026-09-19",
      "coef_1": 35,
      "coef_2": 28
    },
    {
      "date": "2026-09-20",
      "coef_1": 24,
      "coef_2": 22
    },
    {
      "date": "2026-09-21",
      "coef_1": 24,
      "coef_2": 29
    },
    {
      "date": "2026-09-22",
      "coef_1": 35,
      "coef_2": 42
    },
    {
      "date": "2026-09-23",
      "coef_1": 50,
      "coef_2": 57
    },
    {
      "date": "2026-09-24",
      "coef_1": 64,
      "coef_2": 71
    },
    {
      "date": "2026-09-25",
      "coef_1": 77,
      "coef_2": 82
    },
    {
      "date": "2026-09-26",
      "coef_1": 87,
      "coef_2": 92
    },
    {
      "date": "2026-09-27",
      "coef_1": 95,
      "coef_2": 97
    },
    {
      "date": "2026-09-28",
      "coef_1": 99,
      "coef_2": 99
    },
    {
      "date": "2026-09-29",
      "coef_1": 98,
      "coef_2": 96
    },
    {
      "date": "2026-09-30",
      "coef_1": 92,
      "coef_2": 88
    },
    {
      "date": "2026-10-01",
      "coef_1": 82,
      "coef_2": 75
    },
    {
      "date": "2026-10-02",
      "coef_1": 68,
      "coef_2": 60
    },
    {
      "date": "2026-10-03",
      "coef_1": 53,
      "coef_2": null
    },
    {
      "date": "2026-10-04",
      "coef_1": 46,
      "coef_2": 41
    },
    {
      "date": "2026-10-05",
      "coef_1": 40,
      "coef_2": 43
    },
    {
      "date": "2026-10-06",
      "coef_1": 48,
      "coef_2": 55
    },
    {
      "date": "2026-10-07",
      "coef_1": 62,
      "coef_2": 70
    },
    {
      "date": "2026-10-08",
      "coef_1": 77,
      "coef_2": 83
    },
    {
      "date": "2026-10-09",
      "coef_1": 87,
      "coef_2": 91
    },
    {
      "date": "2026-10-10",
      "coef_1": 94,
      "coef_2": 95
    },
    {
      "date": "2026-10-11",
      "coef_1": 95,
      "coef_2": 95
    },
    {
      "date": "2026-10-12",
      "coef_1": 93,
      "coef_2": 91
    },
    {
      "date": "2026-10-13",
      "coef_1": 88,
      "coef_2": 83
    },
    {
      "date": "2026-10-14",
      "coef_1": 79,
      "coef_2": 74
    },
    {
      "date": "2026-10-15",
      "coef_1": 68,
      "coef_2": 62
    },
    {
      "date": "2026-10-16",
      "coef_1": 56,
      "coef_2": 50
    },
    {
      "date": "2026-10-17",
      "coef_1": 43,
      "coef_2": 37
    },
    {
      "date": "2026-10-18",
      "coef_1": 32,
      "coef_2": null
    },
    {
      "date": "2026-10-19",
      "coef_1": 28,
      "coef_2": 25
    },
    {
      "date": "2026-10-20",
      "coef_1": 26,
      "coef_2": 29
    },
    {
      "date": "2026-10-21",
      "coef_1": 34,
      "coef_2": 41
    },
    {
      "date": "2026-10-22",
      "coef_1": 48,
      "coef_2": 55
    },
    {
      "date": "2026-10-23",
      "coef_1": 62,
      "coef_2": 69
    },
    {
      "date": "2026-10-24",
      "coef_1": 76,
      "coef_2": 82
    },
    {
      "date": "2026-10-25",
      "coef_1": 87,
      "coef_2": 92
    },
    {
      "date": "2026-10-26",
      "coef_1": 95,
      "coef_2": 98
    },
    {
      "date": "2026-10-27",
      "coef_1": 99,
      "coef_2": 100
    },
    {
      "date": "2026-10-28",
      "coef_1": 99,
      "coef_2": 96
    },
    {
      "date": "2026-10-29",
      "coef_1": 93,
      "coef_2": 88
    },
    {
      "date": "2026-10-30",
      "coef_1": 82,
      "coef_2": 76
    },
    {
      "date": "2026-10-31",
      "coef_1": 69,
      "coef_2": 62
    },
    {
      "date": "2026-11-01",
      "coef_1": 56,
      "coef_2": null
    },
    {
      "date": "2026-11-02",
      "coef_1": 51,
      "coef_2": 47
    },
    {
      "date": "2026-11-03",
      "coef_1": 47,
      "coef_2": 48
    },
    {
      "date": "2026-11-04",
      "coef_1": 52,
      "coef_2": 56
    },
    {
      "date": "2026-11-05",
      "coef_1": 61,
      "coef_2": 66
    },
    {
      "date": "2026-11-06",
      "coef_1": 71,
      "coef_2": 75
    },
    {
      "date": "2026-11-07",
      "coef_1": 78,
      "coef_2": 81
    },
    {
      "date": "2026-11-08",
      "coef_1": 83,
      "coef_2": 84
    },
    {
      "date": "2026-11-09",
      "coef_1": 84,
      "coef_2": 84
    },
    {
      "date": "2026-11-10",
      "coef_1": 83,
      "coef_2": 82
    },
    {
      "date": "2026-11-11",
      "coef_1": 80,
      "coef_2": 77
    },
    {
      "date": "2026-11-12",
      "coef_1": 74,
      "coef_2": 71
    },
    {
      "date": "2026-11-13",
      "coef_1": 67,
      "coef_2": 63
    },
    {
      "date": "2026-11-14",
      "coef_1": 58,
      "coef_2": 54
    },
    {
      "date": "2026-11-15",
      "coef_1": 49,
      "coef_2": 45
    },
    {
      "date": "2026-11-16",
      "coef_1": 41,
      "coef_2": 38
    },
    {
      "date": "2026-11-17",
      "coef_1": 35,
      "coef_2": null
    },
    {
      "date": "2026-11-18",
      "coef_1": 34,
      "coef_2": 35
    },
    {
      "date": "2026-11-19",
      "coef_1": 37,
      "coef_2": 41
    },
    {
      "date": "2026-11-20",
      "coef_1": 46,
      "coef_2": 51
    },
    {
      "date": "2026-11-21",
      "coef_1": 57,
      "coef_2": 64
    },
    {
      "date": "2026-11-22",
      "coef_1": 70,
      "coef_2": 76
    },
    {
      "date": "2026-11-23",
      "coef_1": 81,
      "coef_2": 86
    },
    {
      "date": "2026-11-24",
      "coef_1": 90,
      "coef_2": 93
    },
    {
      "date": "2026-11-25",
      "coef_1": 96,
      "coef_2": 97
    },
    {
      "date": "2026-11-26",
      "coef_1": 97,
      "coef_2": 96
    },
    {
      "date": "2026-11-27",
      "coef_1": 94,
      "coef_2": 90
    },
    {
      "date": "2026-11-28",
      "coef_1": 86,
      "coef_2": 82
    },
    {
      "date": "2026-11-29",
      "coef_1": 76,
      "coef_2": 71
    },
    {
      "date": "2026-11-30",
      "coef_1": 66,
      "coef_2": 62
    },
    {
      "date": "2026-12-01",
      "coef_1": 58,
      "coef_2": null
    },
    {
      "date": "2026-12-02",
      "coef_1": 55,
      "coef_2": 53
    },
    {
      "date": "2026-12-03",
      "coef_1": 52,
      "coef_2": 53
    },
    {
      "date": "2026-12-04",
      "coef_1": 54,
      "coef_2": 57
    },
    {
      "date": "2026-12-05",
      "coef_1": 59,
      "coef_2": 62
    },
    {
      "date": "2026-12-06",
      "coef_1": 64,
      "coef_2": 66
    },
    {
      "date": "2026-12-07",
      "coef_1": 69,
      "coef_2": 70
    },
    {
      "date": "2026-12-08",
      "coef_1": 72,
      "coef_2": 73
    },
    {
      "date": "2026-12-09",
      "coef_1": 74,
      "coef_2": 74
    },
    {
      "date": "2026-12-10",
      "coef_1": 74,
      "coef_2": 73
    },
    {
      "date": "2026-12-11",
      "coef_1": 72,
      "coef_2": 71
    },
    {
      "date": "2026-12-12",
      "coef_1": 69,
      "coef_2": 67
    },
    {
      "date": "2026-12-13",
      "coef_1": 65,
      "coef_2": 63
    },
    {
      "date": "2026-12-14",
      "coef_1": 60,
      "coef_2": 57
    },
    {
      "date": "2026-12-15",
      "coef_1": 55,
      "coef_2": 52
    },
    {
      "date": "2026-12-16",
      "coef_1": 49,
      "coef_2": 47
    },
    {
      "date": "2026-12-17",
      "coef_1": 45,
      "coef_2": null
    },
    {
      "date": "2026-12-18",
      "coef_1": 44,
      "coef_2": 44
    },
    {
      "date": "2026-12-19",
      "coef_1": 45,
      "coef_2": 48
    },
    {
      "date": "2026-12-20",
      "coef_1": 51,
      "coef_2": 55
    },
    {
      "date": "2026-12-21",
      "coef_1": 61,
      "coef_2": 66
    },
    {
      "date": "2026-12-22",
      "coef_1": 72,
      "coef_2": 77
    },
    {
      "date": "2026-12-23",
      "coef_1": 83,
      "coef_2": 87
    },
    {
      "date": "2026-12-24",
      "coef_1": 91,
      "coef_2": 95
    },
    {
      "date": "2026-12-25",
      "coef_1": 97,
      "coef_2": 99
    },
    {
      "date": "2026-12-26",
      "coef_1": 99,
      "coef_2": 98
    },
    {
      "date": "2026-12-27",
      "coef_1": 96,
      "coef_2": 93
    },
    {
      "date": "2026-12-28",
      "coef_1": 89,
      "coef_2": 84
    },
    {
      "date": "2026-12-29",
      "coef_1": 78,
      "coef_2": 73
    },
    {
      "date": "2026-12-30",
      "coef_1": 67,
      "coef_2": null
    },
    {
      "date": "2026-12-31",
      "coef_1": 61,
      "coef_2": 55
    }
  ]
}