{
  "updatedAt": 1770617437214,
  "data": [
    {
      "timestamp": 1770595200000,
      "type": "height",
      "height": 9.902
    },
    {
      "timestamp": 1770596100000,
      "type": "height",
      "height": 9.637
    },
    {
      "timestamp": 1770597000000,
      "type": "height",
      "height": 9.339
    },
    {
      "timestamp": 1770597900000,
      "type": "height",
      "height": 9.013
    },
    {
      "timestamp": 1770598800000,
      "type": "height",
      "height": 8.665
    },
    {
      "timestamp": 1770599700000,
      "type": "height",
      "height": 8.297
    },
    {
      "timestamp": 1770600600000,
      "type": "height",
      "height": 7.914
    },
    {
      "timestamp": 1770601500000,
      "type": "height",
      "height": 7.521
    },
    {
      "timestamp": 1770602400000,
      "type": "height",
      "height": 7.122
    },
    {
      "timestamp": 1770603300000,
      "type": "height",
      "height": 6.721
    },
    {
      "timestamp": 1770604200000,
      "type": "height",
      "height": 6.324
    },
    {
      "timestamp": 1770605100000,
      "type": "height",
      "height": 5.937
    },
    {
      "timestamp": 1770606000000,
      "type": "height",
      "height": 5.565
    },
    {
      "timestamp": 1770606900000,
      "type": "height",
      "height": 5.214
    },
    {
      "timestamp": 1770607800000,
      "type": "height",
      "height": 4.889
    },
    {
      "timestamp": 1770608700000,
      "type": "height",
      "height": 4.596
    },
    {
      "timestamp": 1770609600000,
      "type": "height",
      "height": 4.341
    },
    {
      "timestamp": 1770610500000,
      "type": "height",
      "height": 4.126
    },
    {
      "timestamp": 1770611400000,
      "type": "height",
      "height": 3.957
    },
    {
      "timestamp": 1770612300000,
      "type": "height",
      "height": 3.835
    },
    {
      "timestamp": 1770613200000,
      "type": "height",
      "height": 3.765
    },
    {
      "timestamp": 1770614100000,
      "type": "height",
      "height": 3.747
    },
    {
      "timestamp": 1770615000000,
      "type": "height",
      "height": 3.782
    },
    {
      "timestamp": 1770615900000,
      "type": "height",
      "height": 3.87
    },
    {
      "timestamp": 1770616800000,
      "type": "height",
      "height": 4.012
    },
    {
      "timestamp": 1770617700000,
      "type": "height",
      "height": 4.206
    },
    {
      "timestamp": 1770618600000,
      "type": "height",
      "height": 4.449
    },
    {
      "timestamp": 1770619500000,
      "type": "height",
      "height": 4.738
    },
    {
      "timestamp": 1770620400000,
      "type": "height",
      "height": 5.069
    },
    {
      "timestamp": 1770621300000,
      "type": "height",
      "height": 5.437
    },
    {
      "timestamp": 1770622200000,
      "type": "height",
      "height": 5.836
    },
    {
      "timestamp": 1770623100000,
      "type": "height",
      "height": 6.257
    },
    {
      "timestamp": 1770624000000,
      "type": "height",
      "height": 6.694
    },
    {
      "timestamp": 1770624900000,
      "type": "height",
      "height": 7.138
    },
    {
      "timestamp": 1770625800000,
      "type": "height",
      "height": 7.58
    },
    {
      "timestamp": 1770626700000,
      "type": "height",
      "height": 8.012
    },
    {
      "timestamp": 1770627600000,
      "type": "height",
      "height": 8.424
    },
    {
      "timestamp": 1770628500000,
      "type": "height",
      "height": 8.809
    },
    {
      "timestamp": 1770629400000,
      "type": "height",
      "height": 9.159
    },
    {
      "timestamp": 1770630300000,
      "type": "height",
      "height": 9.468
    },
    {
      "timestamp": 1770631200000,
      "type": "height",
      "height": 9.73
    },
    {
      "timestamp": 1770632100000,
      "type": "height",
      "height": 9.94
    },
    {
      "timestamp": 1770633000000,
      "type": "height",
      "height": 10.097
    },
    {
      "timestamp": 1770633900000,
      "type": "height",
      "height": 10.199
    },
    {
      "timestamp": 1770634800000,
      "type": "height",
      "height": 10.245
    },
    {
      "timestamp": 1770635700000,
      "type": "height",
      "height": 10.237
    },
    {
      "timestamp": 1770636600000,
      "type": "height",
      "height": 10.177
    },
    {
      "timestamp": 1770637500000,
      "type": "height",
      "height": 10.068
    },
    {
      "timestamp": 1770638400000,
      "type": "height",
      "height": 9.915
    },
    {
      "timestamp": 1770639300000,
      "type": "height",
      "height": 9.722
    },
    {
      "timestamp": 1770640200000,
      "type": "height",
      "height": 9.492
    },
    {
      "timestamp": 1770641100000,
      "type": "height",
      "height": 9.232
    },
    {
      "timestamp": 1770642000000,
      "type": "height",
      "height": 8.944
    },
    {
      "timestamp": 1770642900000,
      "type": "height",
      "height": 8.633
    },
    {
      "timestamp": 1770643800000,
      "type": "height",
      "height": 8.303
    },
    {
      "timestamp": 1770644700000,
      "type": "height",
      "height": 7.957
    },
    {
      "timestamp": 1770645600000,
      "type": "height",
      "height": 7.601
    },
    {
      "timestamp": 1770646500000,
      "type": "height",
      "height": 7.237
    },
    {
      "timestamp": 1770647400000,
      "type": "height",
      "height": 6.87
    },
    {
      "timestamp": 1770648300000,
      "type": "height",
      "height": 6.505
    },
    {
      "timestamp": 1770649200000,
      "type": "height",
      "height": 6.148
    },
    {
      "timestamp": 1770650100000,
      "type": "height",
      "height": 5.802
    },
    {
      "timestamp": 1770651000000,
      "type": "height",
      "height": 5.475
    },
    {
      "timestamp": 1770651900000,
      "type": "height",
      "height": 5.17
    },
    {
      "timestamp": 1770652800000,
      "type": "height",
      "height": 4.895
    },
    {
      "timestamp": 1770653700000,
      "type": "height",
      "height": 4.652
    },
    {
      "timestamp": 1770654600000,
      "type": "height",
      "height": 4.447
    },
    {
      "timestamp": 1770655500000,
      "type": "height",
      "height": 4.282
    },
    {
      "timestamp": 1770656400000,
      "type": "height",
      "height": 4.161
    },
    {
      "timestamp": 1770657300000,
      "type": "height",
      "height": 4.086
    },
    {
      "timestamp": 1770658200000,
      "type": "height",
      "height": 4.058
    },
    {
      "timestamp": 1770659100000,
      "type": "height",
      "height": 4.077
    },
    {
      "timestamp": 1770660000000,
      "type": "height",
      "height": 4.143
    },
    {
      "timestamp": 1770660900000,
      "type": "height",
      "height": 4.257
    },
    {
      "timestamp": 1770661800000,
      "type": "height",
      "height": 4.416
    },
    {
      "timestamp": 1770662700000,
      "type": "height",
      "height": 4.618
    },
    {
      "timestamp": 1770663600000,
      "type": "height",
      "height": 4.861
    },
    {
      "timestamp": 1770664500000,
      "type": "height",
      "height": 5.141
    },
    {
      "timestamp": 1770665400000,
      "type": "height",
      "height": 5.454
    },
    {
      "timestamp": 1770666300000,
      "type": "height",
      "height": 5.794
    },
    {
      "timestamp": 1770667200000,
      "type": "height",
      "height": 6.157
    },
    {
      "timestamp": 1770668100000,
      "type": "height",
      "height": 6.535
    },
    {
      "timestamp": 1770669000000,
      "type": "height",
      "height": 6.921
    },
    {
      "timestamp": 1770669900000,
      "type": "height",
      "height": 7.309
    },
    {
      "timestamp": 1770670800000,
      "type": "height",
      "height": 7.691
    },
    {
      "timestamp": 1770671700000,
      "type": "height",
      "height": 8.059
    },
    {
      "timestamp": 1770672600000,
      "type": "height",
      "height": 8.407
    },
    {
      "timestamp": 1770673500000,
      "type": "height",
      "height": 8.729
    },
    {
      "timestamp": 1770674400000,
      "type": "height",
      "height": 9.017
    },
    {
      "timestamp": 1770675300000,
      "type": "height",
      "height": 9.267
    },
    {
      "timestamp": 1770676200000,
      "type": "height",
      "height": 9.476
    },
    {
      "timestamp": 1770677100000,
      "type": "height",
      "height": 9.639
    },
    {
      "timestamp": 1770678000000,
      "type": "height",
      "height": 9.755
    },
    {
      "timestamp": 1770678900000,
      "type": "height",
      "height": 9.823
    },
    {
      "timestamp": 1770679800000,
      "type": "height",
      "height": 9.844
    },
    {
      "timestamp": 1770680700000,
      "type": "height",
      "height": 9.819
    },
    {
      "timestamp": 1770681600000,
      "type": "height",
      "height": 9.75
    },
    {
      "timestamp": 1770682500000,
      "type": "height",
      "height": 9.639
    },
    {
      "timestamp": 1770683400000,
      "type": "height",
      "height": 9.491
    },
    {
      "timestamp": 1770684300000,
      "type": "height",
      "height": 9.309
    },
    {
      "timestamp": 1770685200000,
      "type": "height",
      "height": 9.097
    },
    {
      "timestamp": 1770686100000,
      "type": "height",
      "height": 8.859
    },
    {
      "timestamp": 1770687000000,
      "type": "height",
      "height": 8.597
    },
    {
      "timestamp": 1770687900000,
      "type": "height",
      "height": 8.317
    },
    {
      "timestamp": 1770688800000,
      "type": "height",
      "height": 8.021
    },
    {
      "timestamp": 1770689700000,
      "type": "height",
      "height": 7.712
    },
    {
      "timestamp": 1770690600000,
      "type": "height",
      "height": 7.394
    },
    {
      "timestamp": 1770691500000,
      "type": "height",
      "height": 7.071
    },
    {
      "timestamp": 1770692400000,
      "type": "height",
      "height": 6.747
    },
    {
      "timestamp": 1770693300000,
      "type": "height",
      "height": 6.427
    },
    {
      "timestamp": 1770694200000,
      "type": "height",
      "height": 6.116
    },
    {
      "timestamp": 1770695100000,
      "type": "height",
      "height": 5.818
    },
    {
      "timestamp": 1770696000000,
      "type": "height",
      "height": 5.539
    },
    {
      "timestamp": 1770696900000,
      "type": "height",
      "height": 5.284
    },
    {
      "timestamp": 1770697800000,
      "type": "height",
      "height": 5.057
    },
    {
      "timestamp": 1770698700000,
      "type": "height",
      "height": 4.861
    },
    {
      "timestamp": 1770699600000,
      "type": "height",
      "height": 4.702
    },
    {
      "timestamp": 1770700500000,
      "type": "height",
      "height": 4.58
    },
    {
      "timestamp": 1770701400000,
      "type": "height",
      "height": 4.498
    },
    {
      "timestamp": 1770702300000,
      "type": "height",
      "height": 4.457
    },
    {
      "timestamp": 1770703200000,
      "type": "height",
      "height": 4.458
    },
    {
      "timestamp": 1770704100000,
      "type": "height",
      "height": 4.5
    },
    {
      "timestamp": 1770705000000,
      "type": "height",
      "height": 4.582
    },
    {
      "timestamp": 1770705900000,
      "type": "height",
      "height": 4.703
    },
    {
      "timestamp": 1770706800000,
      "type": "height",
      "height": 4.862
    },
    {
      "timestamp": 1770707700000,
      "type": "height",
      "height": 5.056
    },
    {
      "timestamp": 1770708600000,
      "type": "height",
      "height": 5.282
    },
    {
      "timestamp": 1770709500000,
      "type": "height",
      "height": 5.537
    },
    {
      "timestamp": 1770710400000,
      "type": "height",
      "height": 5.818
    },
    {
      "timestamp": 1770711300000,
      "type": "height",
      "height": 6.118
    },
    {
      "timestamp": 1770712200000,
      "type": "height",
      "height": 6.434
    },
    {
      "timestamp": 1770713100000,
      "type": "height",
      "height": 6.76
    },
    {
      "timestamp": 1770714000000,
      "type": "height",
      "height": 7.09
    },
    {
      "timestamp": 1770714900000,
      "type": "height",
      "height": 7.418
    },
    {
      "timestamp": 1770715800000,
      "type": "height",
      "height": 7.739
    },
    {
      "timestamp": 1770716700000,
      "type": "height",
      "height": 8.045
    },
    {
      "timestamp": 1770717600000,
      "type": "height",
      "height": 8.333
    },
    {
      "timestamp": 1770718500000,
      "type": "height",
      "height": 8.597
    },
    {
      "timestamp": 1770719400000,
      "type": "height",
      "height": 8.831
    },
    {
      "timestamp": 1770720300000,
      "type": "height",
      "height": 9.032
    },
    {
      "timestamp": 1770721200000,
      "type": "height",
      "height": 9.197
    },
    {
      "timestamp": 1770722100000,
      "type": "height",
      "height": 9.324
    },
    {
      "timestamp": 1770723000000,
      "type": "height",
      "height": 9.41
    },
    {
      "timestamp": 1770723900000,
      "type": "height",
      "height": 9.456
    },
    {
      "timestamp": 1770724800000,
      "type": "height",
      "height": 9.462
    },
    {
      "timestamp": 1770725700000,
      "type": "height",
      "height": 9.429
    },
    {
      "timestamp": 1770726600000,
      "type": "height",
      "height": 9.359
    },
    {
      "timestamp": 1770727500000,
      "type": "height",
      "height": 9.254
    },
    {
      "timestamp": 1770728400000,
      "type": "height",
      "height": 9.118
    },
    {
      "timestamp": 1770729300000,
      "type": "height",
      "height": 8.954
    },
    {
      "timestamp": 1770730200000,
      "type": "height",
      "height": 8.764
    },
    {
      "timestamp": 1770731100000,
      "type": "height",
      "height": 8.551
    },
    {
      "timestamp": 1770732000000,
      "type": "height",
      "height": 8.319
    },
    {
      "timestamp": 1770732900000,
      "type": "height",
      "height": 8.071
    },
    {
      "timestamp": 1770733800000,
      "type": "height",
      "height": 7.809
    },
    {
      "timestamp": 1770734700000,
      "type": "height",
      "height": 7.536
    },
    {
      "timestamp": 1770735600000,
      "type": "height",
      "height": 7.256
    },
    {
      "timestamp": 1770736500000,
      "type": "height",
      "height": 6.973
    },
    {
      "timestamp": 1770737400000,
      "type": "height",
      "height": 6.689
    },
    {
      "timestamp": 1770738300000,
      "type": "height",
      "height": 6.41
    },
    {
      "timestamp": 1770739200000,
      "type": "height",
      "height": 6.139
    },
    {
      "timestamp": 1770740100000,
      "type": "height",
      "height": 5.883
    },
    {
      "timestamp": 1770741000000,
      "type": "height",
      "height": 5.644
    },
    {
      "timestamp": 1770741900000,
      "type": "height",
      "height": 5.429
    },
    {
      "timestamp": 1770742800000,
      "type": "height",
      "height": 5.24
    },
    {
      "timestamp": 1770743700000,
      "type": "height",
      "height": 5.081
    },
    {
      "timestamp": 1770744600000,
      "type": "height",
      "height": 4.954
    },
    {
      "timestamp": 1770745500000,
      "type": "height",
      "height": 4.862
    },
    {
      "timestamp": 1770746400000,
      "type": "height",
      "height": 4.805
    },
    {
      "timestamp": 1770747300000,
      "type": "height",
      "height": 4.785
    },
    {
      "timestamp": 1770748200000,
      "type": "height",
      "height": 4.8
    },
    {
      "timestamp": 1770749100000,
      "type": "height",
      "height": 4.85
    },
    {
      "timestamp": 1770750000000,
      "type": "height",
      "height": 4.934
    },
    {
      "timestamp": 1770750900000,
      "type": "height",
      "height": 5.05
    },
    {
      "timestamp": 1770751800000,
      "type": "height",
      "height": 5.197
    },
    {
      "timestamp": 1770752700000,
      "type": "height",
      "height": 5.373
    },
    {
      "timestamp": 1770753600000,
      "type": "height",
      "height": 5.574
    },
    {
      "timestamp": 1770754500000,
      "type": "height",
      "height": 5.799
    },
    {
      "timestamp": 1770755400000,
      "type": "height",
      "height": 6.043
    },
    {
      "timestamp": 1770756300000,
      "type": "height",
      "height": 6.302
    },
    {
      "timestamp": 1770757200000,
      "type": "height",
      "height": 6.574
    },
    {
      "timestamp": 1770758100000,
      "type": "height",
      "height": 6.852
    },
    {
      "timestamp": 1770759000000,
      "type": "height",
      "height": 7.133
    },
    {
      "timestamp": 1770759900000,
      "type": "height",
      "height": 7.412
    },
    {
      "timestamp": 1770760800000,
      "type": "height",
      "height": 7.684
    },
    {
      "timestamp": 1770761700000,
      "type": "height",
      "height": 7.945
    },
    {
      "timestamp": 1770762600000,
      "type": "height",
      "height": 8.189
    },
    {
      "timestamp": 1770763500000,
      "type": "height",
      "height": 8.413
    },
    {
      "timestamp": 1770764400000,
      "type": "height",
      "height": 8.613
    },
    {
      "timestamp": 1770765300000,
      "type": "height",
      "height": 8.785
    },
    {
      "timestamp": 1770766200000,
      "type": "height",
      "height": 8.927
    },
    {
      "timestamp": 1770767100000,
      "type": "height",
      "height": 9.037
    },
    {
      "timestamp": 1770768000000,
      "type": "height",
      "height": 9.114
    },
    {
      "timestamp": 1770768900000,
      "type": "height",
      "height": 9.156
    },
    {
      "timestamp": 1770769800000,
      "type": "height",
      "height": 9.164
    },
    {
      "timestamp": 1770770700000,
      "type": "height",
      "height": 9.14
    },
    {
      "timestamp": 1770771600000,
      "type": "height",
      "height": 9.084
    },
    {
      "timestamp": 1770772500000,
      "type": "height",
      "height": 8.998
    },
    {
      "timestamp": 1770773400000,
      "type": "height",
      "height": 8.886
    },
    {
      "timestamp": 1770774300000,
      "type": "height",
      "height": 8.748
    },
    {
      "timestamp": 1770775200000,
      "type": "height",
      "height": 8.588
    },
    {
      "timestamp": 1770776100000,
      "type": "height",
      "height": 8.408
    },
    {
      "timestamp": 1770777000000,
      "type": "height",
      "height": 8.21
    },
    {
      "timestamp": 1770777900000,
      "type": "height",
      "height": 7.997
    },
    {
      "timestamp": 1770778800000,
      "type": "height",
      "height": 7.77
    },
    {
      "timestamp": 1770779700000,
      "type": "height",
      "height": 7.533
    },
    {
      "timestamp": 1770780600000,
      "type": "height",
      "height": 7.289
    },
    {
      "timestamp": 1770781500000,
      "type": "height",
      "height": 7.04
    },
    {
      "timestamp": 1770782400000,
      "type": "height",
      "height": 6.791
    },
    {
      "timestamp": 1770783300000,
      "type": "height",
      "height": 6.545
    },
    {
      "timestamp": 1770784200000,
      "type": "height",
      "height": 6.306
    },
    {
      "timestamp": 1770785100000,
      "type": "height",
      "height": 6.08
    },
    {
      "timestamp": 1770786000000,
      "type": "height",
      "height": 5.87
    },
    {
      "timestamp": 1770786900000,
      "type": "height",
      "height": 5.679
    },
    {
      "timestamp": 1770787800000,
      "type": "height",
      "height": 5.513
    },
    {
      "timestamp": 1770788700000,
      "type": "height",
      "height": 5.372
    },
    {
      "timestamp": 1770789600000,
      "type": "height",
      "height": 5.26
    },
    {
      "timestamp": 1770790500000,
      "type": "height",
      "height": 5.177
    },
    {
      "timestamp": 1770791400000,
      "type": "height",
      "height": 5.125
    },
    {
      "timestamp": 1770792300000,
      "type": "height",
      "height": 5.102
    },
    {
      "timestamp": 1770793200000,
      "type": "height",
      "height": 5.11
    },
    {
      "timestamp": 1770794100000,
      "type": "height",
      "height": 5.147
    },
    {
      "timestamp": 1770795000000,
      "type": "height",
      "height": 5.211
    },
    {
      "timestamp": 1770795900000,
      "type": "height",
      "height": 5.302
    },
    {
      "timestamp": 1770796800000,
      "type": "height",
      "height": 5.418
    },
    {
      "timestamp": 1770797700000,
      "type": "height",
      "height": 5.557
    },
    {
      "timestamp": 1770798600000,
      "type": "height",
      "height": 5.718
    },
    {
      "timestamp": 1770799500000,
      "type": "height",
      "height": 5.897
    },
    {
      "timestamp": 1770800400000,
      "type": "height",
      "height": 6.093
    },
    {
      "timestamp": 1770801300000,
      "type": "height",
      "height": 6.303
    },
    {
      "timestamp": 1770802200000,
      "type": "height",
      "height": 6.523
    },
    {
      "timestamp": 1770803100000,
      "type": "height",
      "height": 6.751
    },
    {
      "timestamp": 1770804000000,
      "type": "height",
      "height": 6.982
    },
    {
      "timestamp": 1770804900000,
      "type": "height",
      "height": 7.214
    },
    {
      "timestamp": 1770805800000,
      "type": "height",
      "height": 7.443
    },
    {
      "timestamp": 1770806700000,
      "type": "height",
      "height": 7.664
    },
    {
      "timestamp": 1770807600000,
      "type": "height",
      "height": 7.874
    },
    {
      "timestamp": 1770808500000,
      "type": "height",
      "height": 8.07
    },
    {
      "timestamp": 1770809400000,
      "type": "height",
      "height": 8.247
    },
    {
      "timestamp": 1770810300000,
      "type": "height",
      "height": 8.404
    },
    {
      "timestamp": 1770811200000,
      "type": "height",
      "height": 8.537
    },
    {
      "timestamp": 1770812100000,
      "type": "height",
      "height": 8.645
    },
    {
      "timestamp": 1770813000000,
      "type": "height",
      "height": 8.725
    },
    {
      "timestamp": 1770813900000,
      "type": "height",
      "height": 8.778
    },
    {
      "timestamp": 1770814800000,
      "type": "height",
      "height": 8.802
    },
    {
      "timestamp": 1770815700000,
      "type": "height",
      "height": 8.799
    },
    {
      "timestamp": 1770816600000,
      "type": "height",
      "height": 8.769
    },
    {
      "timestamp": 1770817500000,
      "type": "height",
      "height": 8.714
    },
    {
      "timestamp": 1770818400000,
      "type": "height",
      "height": 8.634
    },
    {
      "timestamp": 1770819300000,
      "type": "height",
      "height": 8.533
    },
    {
      "timestamp": 1770820200000,
      "type": "height",
      "height": 8.41
    },
    {
      "timestamp": 1770821100000,
      "type": "height",
      "height": 8.268
    },
    {
      "timestamp": 1770822000000,
      "type": "height",
      "height": 8.109
    },
    {
      "timestamp": 1770822900000,
      "type": "height",
      "height": 7.935
    },
    {
      "timestamp": 1770823800000,
      "type": "height",
      "height": 7.746
    },
    {
      "timestamp": 1770824700000,
      "type": "height",
      "height": 7.547
    },
    {
      "timestamp": 1770825600000,
      "type": "height",
      "height": 7.338
    },
    {
      "timestamp": 1770826500000,
      "type": "height",
      "height": 7.124
    },
    {
      "timestamp": 1770827400000,
      "type": "height",
      "height": 6.907
    },
    {
      "timestamp": 1770828300000,
      "type": "height",
      "height": 6.691
    },
    {
      "timestamp": 1770829200000,
      "type": "height",
      "height": 6.481
    },
    {
      "timestamp": 1770830100000,
      "type": "height",
      "height": 6.281
    },
    {
      "timestamp": 1770831000000,
      "type": "height",
      "height": 6.094
    },
    {
      "timestamp": 1770831900000,
      "type": "height",
      "height": 5.925
    },
    {
      "timestamp": 1770832800000,
      "type": "height",
      "height": 5.775
    },
    {
      "timestamp": 1770833700000,
      "type": "height",
      "height": 5.648
    },
    {
      "timestamp": 1770834600000,
      "type": "height",
      "height": 5.544
    },
    {
      "timestamp": 1770835500000,
      "type": "height",
      "height": 5.466
    },
    {
      "timestamp": 1770836400000,
      "type": "height",
      "height": 5.413
    },
    {
      "timestamp": 1770837300000,
      "type": "height",
      "height": 5.385
    },
    {
      "timestamp": 1770838200000,
      "type": "height",
      "height": 5.383
    },
    {
      "timestamp": 1770839100000,
      "type": "height",
      "height": 5.404
    },
    {
      "timestamp": 1770840000000,
      "type": "height",
      "height": 5.448
    },
    {
      "timestamp": 1770840900000,
      "type": "height",
      "height": 5.514
    },
    {
      "timestamp": 1770841800000,
      "type": "height",
      "height": 5.601
    },
    {
      "timestamp": 1770842700000,
      "type": "height",
      "height": 5.709
    },
    {
      "timestamp": 1770843600000,
      "type": "height",
      "height": 5.835
    },
    {
      "timestamp": 1770844500000,
      "type": "height",
      "height": 5.978
    },
    {
      "timestamp": 1770845400000,
      "type": "height",
      "height": 6.137
    },
    {
      "timestamp": 1770846300000,
      "type": "height",
      "height": 6.31
    },
    {
      "timestamp": 1770847200000,
      "type": "height",
      "height": 6.495
    },
    {
      "timestamp": 1770848100000,
      "type": "height",
      "height": 6.689
    },
    {
      "timestamp": 1770849000000,
      "type": "height",
      "height": 6.89
    },
    {
      "timestamp": 1770849900000,
      "type": "height",
      "height": 7.095
    },
    {
      "timestamp": 1770850800000,
      "type": "height",
      "height": 7.3
    },
    {
      "timestamp": 1770851700000,
      "type": "height",
      "height": 7.503
    },
    {
      "timestamp": 1770852600000,
      "type": "height",
      "height": 7.701
    },
    {
      "timestamp": 1770853500000,
      "type": "height",
      "height": 7.889
    },
    {
      "timestamp": 1770854400000,
      "type": "height",
      "height": 8.065
    },
    {
      "timestamp": 1770855300000,
      "type": "height",
      "height": 8.225
    },
    {
      "timestamp": 1770856200000,
      "type": "height",
      "height": 8.366
    },
    {
      "timestamp": 1770857100000,
      "type": "height",
      "height": 8.487
    },
    {
      "timestamp": 1770858000000,
      "type": "height",
      "height": 8.585
    },
    {
      "timestamp": 1770858900000,
      "type": "height",
      "height": 8.659
    },
    {
      "timestamp": 1770859800000,
      "type": "height",
      "height": 8.709
    },
    {
      "timestamp": 1770860700000,
      "type": "height",
      "height": 8.733
    },
    {
      "timestamp": 1770861600000,
      "type": "height",
      "height": 8.733
    },
    {
      "timestamp": 1770862500000,
      "type": "height",
      "height": 8.708
    },
    {
      "timestamp": 1770863400000,
      "type": "height",
      "height": 8.66
    },
    {
      "timestamp": 1770864300000,
      "type": "height",
      "height": 8.59
    },
    {
      "timestamp": 1770865200000,
      "type": "height",
      "height": 8.498
    },
    {
      "timestamp": 1770866100000,
      "type": "height",
      "height": 8.386
    },
    {
      "timestamp": 1770867000000,
      "type": "height",
      "height": 8.255
    },
    {
      "timestamp": 1770867900000,
      "type": "height",
      "height": 8.106
    },
    {
      "timestamp": 1770868800000,
      "type": "height",
      "height": 7.94
    },
    {
      "timestamp": 1770869700000,
      "type": "height",
      "height": 7.76
    },
    {
      "timestamp": 1770870600000,
      "type": "height",
      "height": 7.569
    },
    {
      "timestamp": 1770871500000,
      "type": "height",
      "height": 7.369
    },
    {
      "timestamp": 1770872400000,
      "type": "height",
      "height": 7.163
    },
    {
      "timestamp": 1770873300000,
      "type": "height",
      "height": 6.956
    },
    {
      "timestamp": 1770874200000,
      "type": "height",
      "height": 6.751
    },
    {
      "timestamp": 1770875100000,
      "type": "height",
      "height": 6.552
    },
    {
      "timestamp": 1770876000000,
      "type": "height",
      "height": 6.364
    },
    {
      "timestamp": 1770876900000,
      "type": "height",
      "height": 6.189
    },
    {
      "timestamp": 1770877800000,
      "type": "height",
      "height": 6.03
    },
    {
      "timestamp": 1770878700000,
      "type": "height",
      "height": 5.889
    },
    {
      "timestamp": 1770879600000,
      "type": "height",
      "height": 5.768
    },
    {
      "timestamp": 1770880500000,
      "type": "height",
      "height": 5.667
    },
    {
      "timestamp": 1770881400000,
      "type": "height",
      "height": 5.587
    },
    {
      "timestamp": 1770882300000,
      "type": "height",
      "height": 5.528
    },
    {
      "timestamp": 1770883200000,
      "type": "height",
      "height": 5.49
    },
    {
      "timestamp": 1770884100000,
      "type": "height",
      "height": 5.471
    },
    {
      "timestamp": 1770885000000,
      "type": "height",
      "height": 5.472
    },
    {
      "timestamp": 1770885900000,
      "type": "height",
      "height": 5.493
    },
    {
      "timestamp": 1770886800000,
      "type": "height",
      "height": 5.533
    },
    {
      "timestamp": 1770887700000,
      "type": "height",
      "height": 5.592
    },
    {
      "timestamp": 1770888600000,
      "type": "height",
      "height": 5.67
    },
    {
      "timestamp": 1770889500000,
      "type": "height",
      "height": 5.766
    },
    {
      "timestamp": 1770890400000,
      "type": "height",
      "height": 5.881
    },
    {
      "timestamp": 1770891300000,
      "type": "height",
      "height": 6.012
    },
    {
      "timestamp": 1770892200000,
      "type": "height",
      "height": 6.159
    },
    {
      "timestamp": 1770893100000,
      "type": "height",
      "height": 6.321
    },
    {
      "timestamp": 1770894000000,
      "type": "height",
      "height": 6.495
    },
    {
      "timestamp": 1770894900000,
      "type": "height",
      "height": 6.68
    },
    {
      "timestamp": 1770895800000,
      "type": "height",
      "height": 6.871
    },
    {
      "timestamp": 1770896700000,
      "type": "height",
      "height": 7.068
    },
    {
      "timestamp": 1770897600000,
      "type": "height",
      "height": 7.265
    },
    {
      "timestamp": 1770898500000,
      "type": "height",
      "height": 7.459
    },
    {
      "timestamp": 1770899400000,
      "type": "height",
      "height": 7.648
    },
    {
      "timestamp": 1770900300000,
      "type": "height",
      "height": 7.827
    },
    {
      "timestamp": 1770901200000,
      "type": "height",
      "height": 7.993
    },
    {
      "timestamp": 1770902100000,
      "type": "height",
      "height": 8.143
    },
    {
      "timestamp": 1770903000000,
      "type": "height",
      "height": 8.274
    },
    {
      "timestamp": 1770903900000,
      "type": "height",
      "height": 8.385
    },
    {
      "timestamp": 1770904800000,
      "type": "height",
      "height": 8.474
    },
    {
      "timestamp": 1770905700000,
      "type": "height",
      "height": 8.539
    },
    {
      "timestamp": 1770906600000,
      "type": "height",
      "height": 8.581
    },
    {
      "timestamp": 1770907500000,
      "type": "height",
      "height": 8.598
    },
    {
      "timestamp": 1770908400000,
      "type": "height",
      "height": 8.592
    },
    {
      "timestamp": 1770909300000,
      "type": "height",
      "height": 8.562
    },
    {
      "timestamp": 1770910200000,
      "type": "height",
      "height": 8.508
    },
    {
      "timestamp": 1770911100000,
      "type": "height",
      "height": 8.432
    },
    {
      "timestamp": 1770912000000,
      "type": "height",
      "height": 8.333
    },
    {
      "timestamp": 1770912900000,
      "type": "height",
      "height": 8.214
    },
    {
      "timestamp": 1770913800000,
      "type": "height",
      "height": 8.075
    },
    {
      "timestamp": 1770914700000,
      "type": "height",
      "height": 7.918
    },
    {
      "timestamp": 1770915600000,
      "type": "height",
      "height": 7.746
    },
    {
      "timestamp": 1770916500000,
      "type": "height",
      "height": 7.562
    },
    {
      "timestamp": 1770917400000,
      "type": "height",
      "height": 7.37
    },
    {
      "timestamp": 1770918300000,
      "type": "height",
      "height": 7.173
    },
    {
      "timestamp": 1770919200000,
      "type": "height",
      "height": 6.976
    },
    {
      "timestamp": 1770920100000,
      "type": "height",
      "height": 6.782
    },
    {
      "timestamp": 1770921000000,
      "type": "height",
      "height": 6.596
    },
    {
      "timestamp": 1770921900000,
      "type": "height",
      "height": 6.419
    },
    {
      "timestamp": 1770922800000,
      "type": "height",
      "height": 6.256
    },
    {
      "timestamp": 1770923700000,
      "type": "height",
      "height": 6.107
    },
    {
      "timestamp": 1770924600000,
      "type": "height",
      "height": 5.974
    },
    {
      "timestamp": 1770925500000,
      "type": "height",
      "height": 5.858
    },
    {
      "timestamp": 1770926400000,
      "type": "height",
      "height": 5.759
    },
    {
      "timestamp": 1770927300000,
      "type": "height",
      "height": 5.678
    },
    {
      "timestamp": 1770928200000,
      "type": "height",
      "height": 5.614
    },
    {
      "timestamp": 1770929100000,
      "type": "height",
      "height": 5.568
    },
    {
      "timestamp": 1770930000000,
      "type": "height",
      "height": 5.539
    },
    {
      "timestamp": 1770930900000,
      "type": "height",
      "height": 5.53
    },
    {
      "timestamp": 1770931800000,
      "type": "height",
      "height": 5.54
    },
    {
      "timestamp": 1770932700000,
      "type": "height",
      "height": 5.569
    },
    {
      "timestamp": 1770933600000,
      "type": "height",
      "height": 5.619
    },
    {
      "timestamp": 1770934500000,
      "type": "height",
      "height": 5.691
    },
    {
      "timestamp": 1770935400000,
      "type": "height",
      "height": 5.784
    },
    {
      "timestamp": 1770936300000,
      "type": "height",
      "height": 5.898
    },
    {
      "timestamp": 1770937200000,
      "type": "height",
      "height": 6.033
    },
    {
      "timestamp": 1770938100000,
      "type": "height",
      "height": 6.188
    },
    {
      "timestamp": 1770939000000,
      "type": "height",
      "height": 6.361
    },
    {
      "timestamp": 1770939900000,
      "type": "height",
      "height": 6.55
    },
    {
      "timestamp": 1770940800000,
      "type": "height",
      "height": 6.753
    },
    {
      "timestamp": 1770941700000,
      "type": "height",
      "height": 6.965
    },
    {
      "timestamp": 1770942600000,
      "type": "height",
      "height": 7.183
    },
    {
      "timestamp": 1770943500000,
      "type": "height",
      "height": 7.403
    },
    {
      "timestamp": 1770944400000,
      "type": "height",
      "height": 7.621
    },
    {
      "timestamp": 1770945300000,
      "type": "height",
      "height": 7.832
    },
    {
      "timestamp": 1770946200000,
      "type": "height",
      "height": 8.032
    },
    {
      "timestamp": 1770947100000,
      "type": "height",
      "height": 8.218
    },
    {
      "timestamp": 1770948000000,
      "type": "height",
      "height": 8.386
    },
    {
      "timestamp": 1770948900000,
      "type": "height",
      "height": 8.533
    },
    {
      "timestamp": 1770949800000,
      "type": "height",
      "height": 8.657
    },
    {
      "timestamp": 1770950700000,
      "type": "height",
      "height": 8.755
    },
    {
      "timestamp": 1770951600000,
      "type": "height",
      "height": 8.828
    },
    {
      "timestamp": 1770952500000,
      "type": "height",
      "height": 8.873
    },
    {
      "timestamp": 1770953400000,
      "type": "height",
      "height": 8.89
    },
    {
      "timestamp": 1770954300000,
      "type": "height",
      "height": 8.879
    },
    {
      "timestamp": 1770955200000,
      "type": "height",
      "height": 8.84
    },
    {
      "timestamp": 1770956100000,
      "type": "height",
      "height": 8.773
    },
    {
      "timestamp": 1770957000000,
      "type": "height",
      "height": 8.68
    },
    {
      "timestamp": 1770957900000,
      "type": "height",
      "height": 8.561
    },
    {
      "timestamp": 1770958800000,
      "type": "height",
      "height": 8.418
    },
    {
      "timestamp": 1770959700000,
      "type": "height",
      "height": 8.253
    },
    {
      "timestamp": 1770960600000,
      "type": "height",
      "height": 8.069
    },
    {
      "timestamp": 1770961500000,
      "type": "height",
      "height": 7.869
    },
    {
      "timestamp": 1770962400000,
      "type": "height",
      "height": 7.658
    },
    {
      "timestamp": 1770963300000,
      "type": "height",
      "height": 7.44
    },
    {
      "timestamp": 1770964200000,
      "type": "height",
      "height": 7.218
    },
    {
      "timestamp": 1770965100000,
      "type": "height",
      "height": 6.998
    },
    {
      "timestamp": 1770966000000,
      "type": "height",
      "height": 6.781
    },
    {
      "timestamp": 1770966900000,
      "type": "height",
      "height": 6.571
    },
    {
      "timestamp": 1770967800000,
      "type": "height",
      "height": 6.372
    },
    {
      "timestamp": 1770968700000,
      "type": "height",
      "height": 6.184
    },
    {
      "timestamp": 1770969600000,
      "type": "height",
      "height": 6.009
    },
    {
      "timestamp": 1770970500000,
      "type": "height",
      "height": 5.848
    },
    {
      "timestamp": 1770971400000,
      "type": "height",
      "height": 5.702
    },
    {
      "timestamp": 1770972300000,
      "type": "height",
      "height": 5.571
    },
    {
      "timestamp": 1770973200000,
      "type": "height",
      "height": 5.456
    },
    {
      "timestamp": 1770974100000,
      "type": "height",
      "height": 5.358
    },
    {
      "timestamp": 1770975000000,
      "type": "height",
      "height": 5.279
    },
    {
      "timestamp": 1770975900000,
      "type": "height",
      "height": 5.22
    },
    {
      "timestamp": 1770976800000,
      "type": "height",
      "height": 5.183
    },
    {
      "timestamp": 1770977700000,
      "type": "height",
      "height": 5.169
    },
    {
      "timestamp": 1770978600000,
      "type": "height",
      "height": 5.181
    },
    {
      "timestamp": 1770979500000,
      "type": "height",
      "height": 5.22
    },
    {
      "timestamp": 1770980400000,
      "type": "height",
      "height": 5.288
    },
    {
      "timestamp": 1770981300000,
      "type": "height",
      "height": 5.384
    },
    {
      "timestamp": 1770982200000,
      "type": "height",
      "height": 5.509
    },
    {
      "timestamp": 1770983100000,
      "type": "height",
      "height": 5.662
    },
    {
      "timestamp": 1770984000000,
      "type": "height",
      "height": 5.842
    },
    {
      "timestamp": 1770984900000,
      "type": "height",
      "height": 6.045
    },
    {
      "timestamp": 1770985800000,
      "type": "height",
      "height": 6.269
    },
    {
      "timestamp": 1770986700000,
      "type": "height",
      "height": 6.51
    },
    {
      "timestamp": 1770987600000,
      "type": "height",
      "height": 6.764
    },
    {
      "timestamp": 1770988500000,
      "type": "height",
      "height": 7.024
    },
    {
      "timestamp": 1770989400000,
      "type": "height",
      "height": 7.286
    },
    {
      "timestamp": 1770990300000,
      "type": "height",
      "height": 7.545
    },
    {
      "timestamp": 1770991200000,
      "type": "height",
      "height": 7.796
    },
    {
      "timestamp": 1770992100000,
      "type": "height",
      "height": 8.032
    },
    {
      "timestamp": 1770993000000,
      "type": "height",
      "height": 8.251
    },
    {
      "timestamp": 1770993900000,
      "type": "height",
      "height": 8.447
    },
    {
      "timestamp": 1770994800000,
      "type": "height",
      "height": 8.618
    },
    {
      "timestamp": 1770995700000,
      "type": "height",
      "height": 8.761
    },
    {
      "timestamp": 1770996600000,
      "type": "height",
      "height": 8.873
    },
    {
      "timestamp": 1770997500000,
      "type": "height",
      "height": 8.954
    },
    {
      "timestamp": 1770998400000,
      "type": "height",
      "height": 9.003
    },
    {
      "timestamp": 1770999300000,
      "type": "height",
      "height": 9.019
    },
    {
      "timestamp": 1771000200000,
      "type": "height",
      "height": 9.001
    },
    {
      "timestamp": 1771001100000,
      "type": "height",
      "height": 8.951
    },
    {
      "timestamp": 1771002000000,
      "type": "height",
      "height": 8.869
    },
    {
      "timestamp": 1771002900000,
      "type": "height",
      "height": 8.757
    },
    {
      "timestamp": 1771003800000,
      "type": "height",
      "height": 8.617
    },
    {
      "timestamp": 1771004700000,
      "type": "height",
      "height": 8.452
    },
    {
      "timestamp": 1771005600000,
      "type": "height",
      "height": 8.265
    },
    {
      "timestamp": 1771006500000,
      "type": "height",
      "height": 8.061
    },
    {
      "timestamp": 1771007400000,
      "type": "height",
      "height": 7.842
    },
    {
      "timestamp": 1771008300000,
      "type": "height",
      "height": 7.614
    },
    {
      "timestamp": 1771009200000,
      "type": "height",
      "height": 7.381
    },
    {
      "timestamp": 1771010100000,
      "type": "height",
      "height": 7.147
    },
    {
      "timestamp": 1771011000000,
      "type": "height",
      "height": 6.916
    },
    {
      "timestamp": 1771011900000,
      "type": "height",
      "height": 6.69
    },
    {
      "timestamp": 1771012800000,
      "type": "height",
      "height": 6.471
    },
    {
      "timestamp": 1771013700000,
      "type": "height",
      "height": 6.262
    },
    {
      "timestamp": 1771014600000,
      "type": "height",
      "height": 6.064
    },
    {
      "timestamp": 1771015500000,
      "type": "height",
      "height": 5.878
    },
    {
      "timestamp": 1771016400000,
      "type": "height",
      "height": 5.706
    },
    {
      "timestamp": 1771017300000,
      "type": "height",
      "height": 5.547
    },
    {
      "timestamp": 1771018200000,
      "type": "height",
      "height": 5.406
    },
    {
      "timestamp": 1771019100000,
      "type": "height",
      "height": 5.282
    },
    {
      "timestamp": 1771020000000,
      "type": "height",
      "height": 5.178
    },
    {
      "timestamp": 1771020900000,
      "type": "height",
      "height": 5.098
    },
    {
      "timestamp": 1771021800000,
      "type": "height",
      "height": 5.044
    },
    {
      "timestamp": 1771022700000,
      "type": "height",
      "height": 5.018
    },
    {
      "timestamp": 1771023600000,
      "type": "height",
      "height": 5.024
    },
    {
      "timestamp": 1771024500000,
      "type": "height",
      "height": 5.063
    },
    {
      "timestamp": 1771025400000,
      "type": "height",
      "height": 5.137
    },
    {
      "timestamp": 1771026300000,
      "type": "height",
      "height": 5.247
    },
    {
      "timestamp": 1771027200000,
      "type": "height",
      "height": 5.393
    },
    {
      "timestamp": 1771028100000,
      "type": "height",
      "height": 5.575
    },
    {
      "timestamp": 1771029000000,
      "type": "height",
      "height": 5.789
    },
    {
      "timestamp": 1771029900000,
      "type": "height",
      "height": 6.032
    },
    {
      "timestamp": 1771030800000,
      "type": "height",
      "height": 6.301
    },
    {
      "timestamp": 1771031700000,
      "type": "height",
      "height": 6.591
    },
    {
      "timestamp": 1771032600000,
      "type": "height",
      "height": 6.895
    },
    {
      "timestamp": 1771033500000,
      "type": "height",
      "height": 7.208
    },
    {
      "timestamp": 1771034400000,
      "type": "height",
      "height": 7.522
    },
    {
      "timestamp": 1771035300000,
      "type": "height",
      "height": 7.832
    },
    {
      "timestamp": 1771036200000,
      "type": "height",
      "height": 8.129
    },
    {
      "timestamp": 1771037100000,
      "type": "height",
      "height": 8.41
    },
    {
      "timestamp": 1771038000000,
      "type": "height",
      "height": 8.666
    },
    {
      "timestamp": 1771038900000,
      "type": "height",
      "height": 8.895
    },
    {
      "timestamp": 1771039800000,
      "type": "height",
      "height": 9.092
    },
    {
      "timestamp": 1771040700000,
      "type": "height",
      "height": 9.254
    },
    {
      "timestamp": 1771041600000,
      "type": "height",
      "height": 9.378
    },
    {
      "timestamp": 1771042500000,
      "type": "height",
      "height": 9.464
    },
    {
      "timestamp": 1771043400000,
      "type": "height",
      "height": 9.509
    },
    {
      "timestamp": 1771044300000,
      "type": "height",
      "height": 9.514
    },
    {
      "timestamp": 1771045200000,
      "type": "height",
      "height": 9.48
    },
    {
      "timestamp": 1771046100000,
      "type": "height",
      "height": 9.407
    },
    {
      "timestamp": 1771047000000,
      "type": "height",
      "height": 9.298
    },
    {
      "timestamp": 1771047900000,
      "type": "height",
      "height": 9.153
    },
    {
      "timestamp": 1771048800000,
      "type": "height",
      "height": 8.977
    },
    {
      "timestamp": 1771049700000,
      "type": "height",
      "height": 8.773
    },
    {
      "timestamp": 1771050600000,
      "type": "height",
      "height": 8.545
    },
    {
      "timestamp": 1771051500000,
      "type": "height",
      "height": 8.297
    },
    {
      "timestamp": 1771052400000,
      "type": "height",
      "height": 8.033
    },
    {
      "timestamp": 1771053300000,
      "type": "height",
      "height": 7.76
    },
    {
      "timestamp": 1771054200000,
      "type": "height",
      "height": 7.48
    },
    {
      "timestamp": 1771055100000,
      "type": "height",
      "height": 7.197
    },
    {
      "timestamp": 1771056000000,
      "type": "height",
      "height": 6.916
    },
    {
      "timestamp": 1771056900000,
      "type": "height",
      "height": 6.639
    },
    {
      "timestamp": 1771057800000,
      "type": "height",
      "height": 6.368
    },
    {
      "timestamp": 1771058700000,
      "type": "height",
      "height": 6.106
    },
    {
      "timestamp": 1771059600000,
      "type": "height",
      "height": 5.853
    },
    {
      "timestamp": 1771060500000,
      "type": "height",
      "height": 5.612
    },
    {
      "timestamp": 1771061400000,
      "type": "height",
      "height": 5.384
    },
    {
      "timestamp": 1771062300000,
      "type": "height",
      "height": 5.173
    },
    {
      "timestamp": 1771063200000,
      "type": "height",
      "height": 4.979
    },
    {
      "timestamp": 1771064100000,
      "type": "height",
      "height": 4.807
    },
    {
      "timestamp": 1771065000000,
      "type": "height",
      "height": 4.66
    },
    {
      "timestamp": 1771065900000,
      "type": "height",
      "height": 4.542
    },
    {
      "timestamp": 1771066800000,
      "type": "height",
      "height": 4.457
    },
    {
      "timestamp": 1771067700000,
      "type": "height",
      "height": 4.409
    },
    {
      "timestamp": 1771068600000,
      "type": "height",
      "height": 4.401
    },
    {
      "timestamp": 1771069500000,
      "type": "height",
      "height": 4.436
    },
    {
      "timestamp": 1771070400000,
      "type": "height",
      "height": 4.516
    },
    {
      "timestamp": 1771071300000,
      "type": "height",
      "height": 4.642
    },
    {
      "timestamp": 1771072200000,
      "type": "height",
      "height": 4.814
    },
    {
      "timestamp": 1771073100000,
      "type": "height",
      "height": 5.03
    },
    {
      "timestamp": 1771074000000,
      "type": "height",
      "height": 5.287
    },
    {
      "timestamp": 1771074900000,
      "type": "height",
      "height": 5.581
    },
    {
      "timestamp": 1771075800000,
      "type": "height",
      "height": 5.907
    },
    {
      "timestamp": 1771076700000,
      "type": "height",
      "height": 6.257
    },
    {
      "timestamp": 1771077600000,
      "type": "height",
      "height": 6.625
    },
    {
      "timestamp": 1771078500000,
      "type": "height",
      "height": 7.002
    },
    {
      "timestamp": 1771079400000,
      "type": "height",
      "height": 7.381
    },
    {
      "timestamp": 1771080300000,
      "type": "height",
      "height": 7.752
    },
    {
      "timestamp": 1771081200000,
      "type": "height",
      "height": 8.108
    },
    {
      "timestamp": 1771082100000,
      "type": "height",
      "height": 8.441
    },
    {
      "timestamp": 1771083000000,
      "type": "height",
      "height": 8.746
    },
    {
      "timestamp": 1771083900000,
      "type": "height",
      "height": 9.016
    },
    {
      "timestamp": 1771084800000,
      "type": "height",
      "height": 9.247
    },
    {
      "timestamp": 1771085700000,
      "type": "height",
      "height": 9.435
    },
    {
      "timestamp": 1771086600000,
      "type": "height",
      "height": 9.578
    },
    {
      "timestamp": 1771087500000,
      "type": "height",
      "height": 9.675
    },
    {
      "timestamp": 1771088400000,
      "type": "height",
      "height": 9.725
    },
    {
      "timestamp": 1771089300000,
      "type": "height",
      "height": 9.73
    },
    {
      "timestamp": 1771090200000,
      "type": "height",
      "height": 9.689
    },
    {
      "timestamp": 1771091100000,
      "type": "height",
      "height": 9.605
    },
    {
      "timestamp": 1771092000000,
      "type": "height",
      "height": 9.48
    },
    {
      "timestamp": 1771092900000,
      "type": "height",
      "height": 9.318
    },
    {
      "timestamp": 1771093800000,
      "type": "height",
      "height": 9.123
    },
    {
      "timestamp": 1771094700000,
      "type": "height",
      "height": 8.898
    },
    {
      "timestamp": 1771095600000,
      "type": "height",
      "height": 8.649
    },
    {
      "timestamp": 1771096500000,
      "type": "height",
      "height": 8.379
    },
    {
      "timestamp": 1771097400000,
      "type": "height",
      "height": 8.095
    },
    {
      "timestamp": 1771098300000,
      "type": "height",
      "height": 7.799
    },
    {
      "timestamp": 1771099200000,
      "type": "height",
      "height": 7.498
    },
    {
      "timestamp": 1771100100000,
      "type": "height",
      "height": 7.194
    },
    {
      "timestamp": 1771101000000,
      "type": "height",
      "height": 6.891
    },
    {
      "timestamp": 1771101900000,
      "type": "height",
      "height": 6.591
    },
    {
      "timestamp": 1771102800000,
      "type": "height",
      "height": 6.297
    },
    {
      "timestamp": 1771103700000,
      "type": "height",
      "height": 6.011
    },
    {
      "timestamp": 1771104600000,
      "type": "height",
      "height": 5.735
    },
    {
      "timestamp": 1771105500000,
      "type": "height",
      "height": 5.471
    },
    {
      "timestamp": 1771106400000,
      "type": "height",
      "height": 5.222
    },
    {
      "timestamp": 1771107300000,
      "type": "height",
      "height": 4.991
    },
    {
      "timestamp": 1771108200000,
      "type": "height",
      "height": 4.781
    },
    {
      "timestamp": 1771109100000,
      "type": "height",
      "height": 4.598
    },
    {
      "timestamp": 1771110000000,
      "type": "height",
      "height": 4.445
    },
    {
      "timestamp": 1771110900000,
      "type": "height",
      "height": 4.328
    },
    {
      "timestamp": 1771111800000,
      "type": "height",
      "height": 4.252
    },
    {
      "timestamp": 1771112700000,
      "type": "height",
      "height": 4.221
    },
    {
      "timestamp": 1771113600000,
      "type": "height",
      "height": 4.238
    },
    {
      "timestamp": 1771114500000,
      "type": "height",
      "height": 4.308
    },
    {
      "timestamp": 1771115400000,
      "type": "height",
      "height": 4.431
    },
    {
      "timestamp": 1771116300000,
      "type": "height",
      "height": 4.608
    },
    {
      "timestamp": 1771117200000,
      "type": "height",
      "height": 4.838
    },
    {
      "timestamp": 1771118100000,
      "type": "height",
      "height": 5.118
    },
    {
      "timestamp": 1771119000000,
      "type": "height",
      "height": 5.444
    },
    {
      "timestamp": 1771119900000,
      "type": "height",
      "height": 5.809
    },
    {
      "timestamp": 1771120800000,
      "type": "height",
      "height": 6.207
    },
    {
      "timestamp": 1771121700000,
      "type": "height",
      "height": 6.628
    },
    {
      "timestamp": 1771122600000,
      "type": "height",
      "height": 7.064
    },
    {
      "timestamp": 1771123500000,
      "type": "height",
      "height": 7.505
    },
    {
      "timestamp": 1771124400000,
      "type": "height",
      "height": 7.939
    },
    {
      "timestamp": 1771125300000,
      "type": "height",
      "height": 8.359
    },
    {
      "timestamp": 1771126200000,
      "type": "height",
      "height": 8.754
    },
    {
      "timestamp": 1771127100000,
      "type": "height",
      "height": 9.116
    },
    {
      "timestamp": 1771128000000,
      "type": "height",
      "height": 9.439
    },
    {
      "timestamp": 1771128900000,
      "type": "height",
      "height": 9.716
    },
    {
      "timestamp": 1771129800000,
      "type": "height",
      "height": 9.942
    },
    {
      "timestamp": 1771130700000,
      "type": "height",
      "height": 10.116
    },
    {
      "timestamp": 1771131600000,
      "type": "height",
      "height": 10.235
    },
    {
      "timestamp": 1771132500000,
      "type": "height",
      "height": 10.299
    },
    {
      "timestamp": 1771133400000,
      "type": "height",
      "height": 10.308
    },
    {
      "timestamp": 1771134300000,
      "type": "height",
      "height": 10.265
    },
    {
      "timestamp": 1771135200000,
      "type": "height",
      "height": 10.171
    },
    {
      "timestamp": 1771136100000,
      "type": "height",
      "height": 10.031
    },
    {
      "timestamp": 1771137000000,
      "type": "height",
      "height": 9.847
    },
    {
      "timestamp": 1771137900000,
      "type": "height",
      "height": 9.624
    },
    {
      "timestamp": 1771138800000,
      "type": "height",
      "height": 9.367
    },
    {
      "timestamp": 1771139700000,
      "type": "height",
      "height": 9.08
    },
    {
      "timestamp": 1771140600000,
      "type": "height",
      "height": 8.769
    },
    {
      "timestamp": 1771141500000,
      "type": "height",
      "height": 8.439
    },
    {
      "timestamp": 1771142400000,
      "type": "height",
      "height": 8.095
    },
    {
      "timestamp": 1771143300000,
      "type": "height",
      "height": 7.74
    },
    {
      "timestamp": 1771144200000,
      "type": "height",
      "height": 7.381
    },
    {
      "timestamp": 1771145100000,
      "type": "height",
      "height": 7.018
    },
    {
      "timestamp": 1771146000000,
      "type": "height",
      "height": 6.657
    },
    {
      "timestamp": 1771146900000,
      "type": "height",
      "height": 6.3
    },
    {
      "timestamp": 1771147800000,
      "type": "height",
      "height": 5.949
    },
    {
      "timestamp": 1771148700000,
      "type": "height",
      "height": 5.607
    },
    {
      "timestamp": 1771149600000,
      "type": "height",
      "height": 5.276
    },
    {
      "timestamp": 1771150500000,
      "type": "height",
      "height": 4.959
    },
    {
      "timestamp": 1771151400000,
      "type": "height",
      "height": 4.661
    },
    {
      "timestamp": 1771152300000,
      "type": "height",
      "height": 4.386
    },
    {
      "timestamp": 1771153200000,
      "type": "height",
      "height": 4.138
    },
    {
      "timestamp": 1771154100000,
      "type": "height",
      "height": 3.924
    },
    {
      "timestamp": 1771155000000,
      "type": "height",
      "height": 3.749
    },
    {
      "timestamp": 1771155900000,
      "type": "height",
      "height": 3.62
    },
    {
      "timestamp": 1771156800000,
      "type": "height",
      "height": 3.542
    },
    {
      "timestamp": 1771157700000,
      "type": "height",
      "height": 3.52
    },
    {
      "timestamp": 1771158600000,
      "type": "height",
      "height": 3.56
    },
    {
      "timestamp": 1771159500000,
      "type": "height",
      "height": 3.662
    },
    {
      "timestamp": 1771160400000,
      "type": "height",
      "height": 3.829
    },
    {
      "timestamp": 1771161300000,
      "type": "height",
      "height": 4.06
    },
    {
      "timestamp": 1771162200000,
      "type": "height",
      "height": 4.353
    },
    {
      "timestamp": 1771163100000,
      "type": "height",
      "height": 4.703
    },
    {
      "timestamp": 1771164000000,
      "type": "height",
      "height": 5.103
    },
    {
      "timestamp": 1771164900000,
      "type": "height",
      "height": 5.547
    },
    {
      "timestamp": 1771165800000,
      "type": "height",
      "height": 6.023
    },
    {
      "timestamp": 1771166700000,
      "type": "height",
      "height": 6.522
    },
    {
      "timestamp": 1771167600000,
      "type": "height",
      "height": 7.032
    },
    {
      "timestamp": 1771168500000,
      "type": "height",
      "height": 7.541
    },
    {
      "timestamp": 1771169400000,
      "type": "height",
      "height": 8.038
    },
    {
      "timestamp": 1771170300000,
      "type": "height",
      "height": 8.51
    },
    {
      "timestamp": 1771171200000,
      "type": "height",
      "height": 8.948
    },
    {
      "timestamp": 1771172100000,
      "type": "height",
      "height": 9.343
    },
    {
      "timestamp": 1771173000000,
      "type": "height",
      "height": 9.687
    },
    {
      "timestamp": 1771173900000,
      "type": "height",
      "height": 9.976
    },
    {
      "timestamp": 1771174800000,
      "type": "height",
      "height": 10.204
    },
    {
      "timestamp": 1771175700000,
      "type": "height",
      "height": 10.371
    },
    {
      "timestamp": 1771176600000,
      "type": "height",
      "height": 10.475
    },
    {
      "timestamp": 1771177500000,
      "type": "height",
      "height": 10.517
    },
    {
      "timestamp": 1771178400000,
      "type": "height",
      "height": 10.5
    },
    {
      "timestamp": 1771179300000,
      "type": "height",
      "height": 10.426
    },
    {
      "timestamp": 1771180200000,
      "type": "height",
      "height": 10.3
    },
    {
      "timestamp": 1771181100000,
      "type": "height",
      "height": 10.125
    },
    {
      "timestamp": 1771182000000,
      "type": "height",
      "height": 9.907
    },
    {
      "timestamp": 1771182900000,
      "type": "height",
      "height": 9.651
    },
    {
      "timestamp": 1771183800000,
      "type": "height",
      "height": 9.361
    },
    {
      "timestamp": 1771184700000,
      "type": "height",
      "height": 9.044
    },
    {
      "timestamp": 1771185600000,
      "type": "height",
      "height": 8.705
    },
    {
      "timestamp": 1771186500000,
      "type": "height",
      "height": 8.348
    },
    {
      "timestamp": 1771187400000,
      "type": "height",
      "height": 7.979
    },
    {
      "timestamp": 1771188300000,
      "type": "height",
      "height": 7.602
    },
    {
      "timestamp": 1771189200000,
      "type": "height",
      "height": 7.221
    },
    {
      "timestamp": 1771190100000,
      "type": "height",
      "height": 6.838
    },
    {
      "timestamp": 1771191000000,
      "type": "height",
      "height": 6.457
    },
    {
      "timestamp": 1771191900000,
      "type": "height",
      "height": 6.081
    },
    {
      "timestamp": 1771192800000,
      "type": "height",
      "height": 5.713
    },
    {
      "timestamp": 1771193700000,
      "type": "height",
      "height": 5.354
    },
    {
      "timestamp": 1771194600000,
      "type": "height",
      "height": 5.01
    },
    {
      "timestamp": 1771195500000,
      "type": "height",
      "height": 4.683
    },
    {
      "timestamp": 1771196400000,
      "type": "height",
      "height": 4.379
    },
    {
      "timestamp": 1771197300000,
      "type": "height",
      "height": 4.104
    },
    {
      "timestamp": 1771198200000,
      "type": "height",
      "height": 3.863
    },
    {
      "timestamp": 1771199100000,
      "type": "height",
      "height": 3.664
    },
    {
      "timestamp": 1771200000000,
      "type": "height",
      "height": 3.513
    },
    {
      "timestamp": 1770613959000,
      "type": "extreme",
      "height": 3.746,
      "status": "low"
    },
    {
      "timestamp": 1770635112000,
      "type": "extreme",
      "height": 10.248,
      "status": "high"
    },
    {
      "timestamp": 1770658288000,
      "type": "extreme",
      "height": 4.057,
      "status": "low"
    },
    {
      "timestamp": 1770679748000,
      "type": "extreme",
      "height": 9.844,
      "status": "high"
    },
    {
      "timestamp": 1770702738000,
      "type": "extreme",
      "height": 4.452,
      "status": "low"
    },
    {
      "timestamp": 1770724480000,
      "type": "extreme",
      "height": 9.464,
      "status": "high"
    },
    {
      "timestamp": 1770747371000,
      "type": "extreme",
      "height": 4.784,
      "status": "low"
    },
    {
      "timestamp": 1770769575000,
      "type": "extreme",
      "height": 9.165,
      "status": "high"
    },
    {
      "timestamp": 1770792518000,
      "type": "extreme",
      "height": 5.102,
      "status": "low"
    },
    {
      "timestamp": 1770815144000,
      "type": "extreme",
      "height": 8.804,
      "status": "high"
    },
    {
      "timestamp": 1770837857000,
      "type": "extreme",
      "height": 5.381,
      "status": "low"
    },
    {
      "timestamp": 1770861136000,
      "type": "extreme",
      "height": 8.736,
      "status": "high"
    },
    {
      "timestamp": 1770884493000,
      "type": "extreme",
      "height": 5.469,
      "status": "low"
    },
    {
      "timestamp": 1770907711000,
      "type": "extreme",
      "height": 8.599,
      "status": "high"
    },
    {
      "timestamp": 1770930903000,
      "type": "extreme",
      "height": 5.53,
      "status": "low"
    },
    {
      "timestamp": 1770953500000,
      "type": "extreme",
      "height": 8.89,
      "status": "high"
    },
    {
      "timestamp": 1770977732000,
      "type": "extreme",
      "height": 5.169,
      "status": "low"
    },
    {
      "timestamp": 1770999272000,
      "type": "extreme",
      "height": 9.019,
      "status": "high"
    },
    {
      "timestamp": 1771022997000,
      "type": "extreme",
      "height": 5.016,
      "status": "low"
    },
    {
      "timestamp": 1771043970000,
      "type": "extreme",
      "height": 9.517,
      "status": "high"
    },
    {
      "timestamp": 1771068323000,
      "type": "extreme",
      "height": 4.399,
      "status": "low"
    },
    {
      "timestamp": 1771088931000,
      "type": "extreme",
      "height": 9.733,
      "status": "high"
    },
    {
      "timestamp": 1771112835000,
      "type": "extreme",
      "height": 4.22,
      "status": "low"
    },
    {
      "timestamp": 1771133108000,
      "type": "extreme",
      "height": 10.311,
      "status": "high"
    },
    {
      "timestamp": 1771157577000,
      "type": "extreme",
      "height": 3.52,
      "status": "low"
    },
    {
      "timestamp": 1771177685000,
      "type": "extreme",
      "height": 10.519,
      "status": "high"
    }
  ]
}